INSERT INTO public.product
(id, image, "name", description, sizes, prices, "categoryId")
VALUES(1, '01.png', 'Итальянская', 'Томат, шампиньон, сыр, оливки, чили, соус, тесто, базилик', '{20,30,40}', '{400,599,700}', 4);
INSERT INTO public.product
(id, image, "name", description, sizes, prices, "categoryId")
VALUES(2, '02.png', 'Маргарита', 'Тесто со&nbsp;шпинатом, молодой сыр и&nbsp;колбаски, много колбасок', '{20,30,40}', '{479,659,700}', 2);
INSERT INTO public.product
(id, image, "name", description, sizes, prices, "categoryId")
VALUES(3, '03.png', 'Барбекю', 'Тесто со&nbsp;шпинатом, молодой сыр и&nbsp;колбаски, много колбасок', '{20,30,40}', '{700,859,910}', 1);
INSERT INTO public.product
(id, image, "name", description, sizes, prices, "categoryId")
VALUES(4, '04.png', 'Мясная', 'Тесто со&nbsp;шпинатом, молодой сыр и&nbsp;колбаски, много колбасок', '{20,30,40}', '{700,859,910}', 4);
INSERT INTO public.product
(id, image, "name", description, sizes, prices, "categoryId")
VALUES(5, '05.png', 'Овощная', 'Томат, шампиньон, сыр, оливки, чили, соус, тесто, базилик', '{20,30,40}', '{200,359,410}', 2);
INSERT INTO public.product
(id, image, "name", description, sizes, prices, "categoryId")
VALUES(6, '06.png', 'Римская', 'Циплёнок (маленький кура), оливки, моцарелла, соус барбекю', '{20,30,40}', '{350,559,710}', 3);
INSERT INTO public.product
(id, image, "name", description, sizes, prices, "categoryId")
VALUES(7, '07.png', 'С грибами', 'Томат, шампиньон, сыр, оливки, чили, соус, тесто, базилик', '{20,30,40}', '{350,559,710}', 4);
INSERT INTO public.product
(id, image, "name", description, sizes, prices, "categoryId")
VALUES(8, '08.png', 'Сырная', 'Томат, шампиньон, сыр, оливки, чили, соус, тесто, базилик', '{20,30,40}', '{350,559,710}', 3);
INSERT INTO public.product
(id, image, "name", description, sizes, prices, "categoryId")
VALUES(9, '09.png', 'Четыре сыра', 'Томат, шампиньон, сыр, оливки, чили, соус, тесто, базилик', '{20,30,40}', '{350,559,710}', 3);
INSERT INTO public.product
(id, image, "name", description, sizes, prices, "categoryId")
VALUES(10, '10.png', 'Пепперони Фреш', 'Томат, шампиньон, сыр, оливки, чили, соус, тесто, базилик', '{20,30,40}', '{350,559,710}', 1);
INSERT INTO public.product
(id, image, "name", description, sizes, prices, "categoryId")
VALUES(11, '11.png', 'Итальянская', 'Томат, шампиньон, сыр, оливки, чили, соус, тесто, базилик', '{20,30,40}', '{350,559,710}', 1);
INSERT INTO public.product
(id, image, "name", description, sizes, prices, "categoryId")
VALUES(12, '12.png', 'Вегетарианская', 'Томат, шампиньон, сыр, оливки, чили, соус, тесто, базилик', '{20,30,40}', '{350,559,710}', 4);










INSERT INTO public.promo
(id, image, title, "text")
VALUES(1, 'event-1.png', 'Закажи 2&nbsp;пиццы&nbsp;— 3-я в&nbsp;подарок', 'При заказе 2-х больших пицц&nbsp;— средняя пицца в&nbsp;подарок');
INSERT INTO public.promo
(id, image, title, "text")
VALUES(2, 'event-2.png', 'Напиток в&nbsp;подарок', 'Скидка на&nbsp;заказ от&nbsp;3&nbsp;000 рублей + напиток в&nbsp;подарок');
INSERT INTO public.promo
(id, image, title, "text")
VALUES(3, 'event-3.png', '25% при первом заказе', 'Скидка новым клиентам!');








INSERT INTO public.category
(id, "name")
VALUES(1, 'острые');
INSERT INTO public.category
(id, "name")
VALUES(2, 'мясные');
INSERT INTO public.category
(id, "name")
VALUES(3, 'сырные');
INSERT INTO public.category
(id, "name")
VALUES(4, 'веганские');











